name	rating	review
Syafina Syafana	4	Sejuk. anak - anak suka sekali ke sini banyak ikan dan airnya bersih dan jernih. ada air yang bisa langsung diminum dingin seperti air es. saran semoga bisa lebih di banyak saran prasarana jadi banyak kegiatan yang bisa dilakukan. kebersihan tempat juga semoga bisa lebih baik lagi.
Yapto Harkatianto	5	"Saya riview kota pagar alam Kabupaten Lahat
Sumatra Selatan
Waktu itu sedang dinas kunjungan kerja â€¦"
ayuna	5	Tempatnya bersih, dirawat, berasa zen banget. Sayang ada bau bakar sampahnya. Ada mata air yg bisa diminum juga.
Agusta Ardiles Sihotang	4	Tempatnya asri sekali. Banyak bunga2 Miana dan tanaman2 lainnya. Ada telaga air yang ikannya sangat banyak jadi sangat indah. Sayang air panas nya dikamar belum berfungsi jadi untuk mandi agak rada2 dingin. Tapi lebih seru berenang di air â€¦
Anne Valentine	5	Salah satu tempat wisata terbaik di Pagar Alam. Tempatnya sangat asri dan benar2 wisata alam yg terawat dg baik. Kita bisa membeli pakan ikan dan memberi makan ikan di sana bersama keluarga. Spot2 foto di sana juga sangat apik. Beberapa hal â€¦
28. Tasya Marliani	3	Ada satu spot yang memenangkan 3 bintang ini, spot kolam ikan yang ada di sebelah kanan setelah masuk itâ€™s almost look like paradise and green. Selain itu si, biasa aja. Stone park nya tampak seperti batu biasa yang disusun vertikal dan rest area nya tidak bersih.
Silvia Tosika	5	Ada miniatur air terjun niagara. Airnya jernih, ikannya banyak dan ada berbagai macam ukuran kolam ikan. Kita juga dikasih makanan ikan, jadi kita bisa kasih makan ikan. Banyak spot foto yang bagus2 juga. Dan ada taman bunga dengan spot foto yang instagramable
Aditia Meidiansyah	5	"Tempat enak,seju dan asik untuk membawa anak"" kita.
Di pintu masuk akan di berikan makanan ikan, jadi kita bisa memberikan makan ikan sambil ber interkasi dengan ikan"" besar di sana."
Sigit Prisantara	4	"Suasana oke, pemandangan bagus,
Saran : kebersihan jalan / rute nya lebih ditingkatkan"
Muhammad Tri Faoza	5	"Tempat bagus,luas, sejuk dan banyak spot foto.
HTM : 15 K/Orang
Parkir Motor : 5K"
icha 1994	5	"Tempat nya asri, terawat, kolam ikannya bersih.
Destinasi wisata yg tdk mengecewakan.
Petugas2 disana jg ramah"
Dedy saprizal	3	Lebaran idul Fitri 2023, tiket masuk 15ribu, parkir mobil 10ribu, seperti kurang terawat, Untung masih ada kolam ikan yg cukup menarik untuk tempat berfoto, selebihnya biasa saja.
Septa Putri Pratama	3	kurang ada update, skrg mau ke daerah villa harus bayar diluar tiket masuk, smg nanti hewan2nya diperbanyak biar anak2 makin excited.. parkir juga ga ada yg ngatur pdhl ada biaya parkir..smg lbh bagus lagii
Chasbi Ashidiqi	4	Kolam ikannya cantik n bagus buat foto. Cuma kurang fasilitas be cak resto dan fasilitas laen
vitriya saputra	5	Aaa bnr2 dluar ekspektasi saya..t4 nya bnr2 bagus..cocok bgt utk liburan bareng keluarga...pemiliknya baiik bgt,karyawannya ramah2 bgt...dpet villa VVIP kamarnya bagus bgt ..bnr2 puas
Bang Leyo	5	Lokasi ini bagus banget karena terdapat air terjun kecil dan ratusan ekor ikan yang bisa diberikan makan dan sepertinya ikan2 ini sudah bersahabat dengan manusia atau mungkin kelaparan karena begitu kita mendekat ke area kolam, ikan2 ini â€¦
Hajar Husnawati	4	Dengan harga tiket yg 15.000 tapi tempat nya hanya begitu begitu aja,
Rulianto Kurniawan	5	Tempat wisata di pagaralam dg suasana taman alam yg asri. Sangat cocok bagi anda yg punya anak kecil. Pasti mrk betah disini, sayang pas datang kesorean. Jadi suasana hujan. Walaupun gerimis, tetap bisa menikmati suasana yg asri disini, â€¦
ajeng dwinta	4	Salah satu tempat wisata di pagaralam yang menyediakan wisata alam yang bagus, disini air terjun kecil dan terdapat kolam yang berisi ikan yang banyak. Disini juga kita bisa memberi makan ikan-ikannya. Cocok untuk anak-anak agar bisa â€¦
Bayu Eko Prasetyo Wibowo	5	"Menginap satu malam di sini, udaranya sejuk dan segar, banyak bunga dan tanaman warna warni.
Kalau tidak menginap cukup bayar 5.000 untuk bisa masuk kesini."
sii wiraa	5	salah satu tempat wisata alam di pagaralam, akses jalan sudah cukup baik meski 300m menuju lokasi sedikit berlubang, petunjuk arah masih kurang terutama dari jalan utama yang besar. kami datang rombongan 1 mobil dan 2 motor. untuk tempat â€¦
Ardp 15	5	recomnd bangt ini tempat rekreasi cukup menyenangkan buat melepas lelah ğŸ˜‡ apa lg sama kluarga lebih seru lagi, t4nya adem asri kali, banyak ikannya gede2 n banyak spot potonya jg, pas ksni lg pd banyk perbaik an, tiket masuk ksni mayan merogeh kantong ya guys â€¦
Dewi Asterina	5	Syahdu dan sejuk cocok untuk liburan keluarga
Makin Udin	5	"tidak terlalu banyak informasi yang dapat di bagikan, saat datang suasana sepi sehingga tidak antre.
terdapat 3 subak kolam, paling bawah, tengah, atas, saya rekomendasikan paling â€¦"
ari winarti	5	"Wisata yg cocok dikunjungi keluarga..
Pesona alam yg luar biasa"
nata negara	5	Tempat wisata yg sngt bagus untuk edukasi anak2.. ada kolekasi unggas penangkaran ikan basemah air murni yg bisa langsung minum kebun jeruk dl... sangat direkomendasi untuk di kunjungi
Octorefi Genius	5	Tempatnya nyaman, bersih, banyak spot untuk berfoto, harga tiket yang sangat terjangkau, sangat cocok untuk dijadikan destinasi liburan bersama teman dan keluarga.
Denny Akbar	5	"Tempat Ini benar benar seolah menjadi kepingan surga yang dititipkan di Pagar Alam
Bersih, makanan enak, suasananya luar biasa dan sangat direkomendasikan bagi â€¦"
farisyah utami	5	Kalau berkunjung ke Pagaralam wajib untuk nyobain wisata baru Green Paradise yang terletak di Desa Kota Agung. Lokasi dekat dengan kota. Untuk Harga tiket masuk orang dewasa akan dikenakan biaya sebesar 10.000 rupiah, sedangkan untuk anak â€¦
Solikhin Perkasa	4	ğ‘µğ’šğ’‚ğ’ğ’‚ğ’, ğ’”ğ’†ğ’‹ğ’–ğ’Œ, ğ’ƒğ’†ğ’“ğ’”ğ’Šğ’‰. ğ‘´ğ’‚ğ’ğ’•ğ’‚ğ’‘, ğ’Šğ’ğ’ˆğ’Šğ’ ğ’ƒğ’†ğ’“ğ’Œğ’–ğ’ğ’‹ğ’–ğ’ğ’ˆ ğ’ğ’‚ğ’ˆğ’Š â€¦
Dipa Yumansah	5	Tempat asri dan dingin. Disini bayar masuk sekitar Rp. 10.000 untuk dewasa dan Rp. 5.000 untuk anak anak. Tempatnya sempit dengan air jernih, curug(air terjun), ada taman unggas dan kolam pemancingan(belum buka). â€¦
Arintha Aprilya	5	Tempat rekreasi menarik kedua setelah kebun teh di gunung gare Pagar Alam.. Anak2 pasti suka, ngasih makan ikan atau sekedar main2 di air terjun mininya.. Spot fotonya juga oke..
Brian Aldio	5	destinasi keluarga yang cocok untuk si kecil mengenal alam. disini bisa memberi makan (dapat pur ikan setelah membeli tiket). Dan beberapa spot lainnya
Sarah Andini	5	Destinasi wisata alternatif selain gunung dempo di pagaralam. Tempatnya asri enak dan cocok untuk liburan bersama keluarga. Harga tiket masuk sangat murah untuk dewasa sebesar 10.000 dan anak-anak 5.000 â€¦
Tie Nasari	5	"Dulu ke sini karena kegiatan kampus kuliah lapangan. Villa2nya baru mau dibangun, jdi tidur masih di rumah utama lantai atas.
Suatu hari penge nalik kesini utk jalan2 dan menikmati keindahan alam"
Ima Puspita	5	Wisata yg cocok untuk keluarga, pemandangan yg sejuk. Memberi makan ikan dikolam dan ada beberapa unggas yg bisa dilihat.
Benny Wijaya	5	Tempatnya sejuk banyak ikan dan parkirannya luas
Shirosama Shin	5	Kali kedua berkunjung kesini banyak sudah perubahan.  Dari area parkir mobil yang luas,  pintu masuk yang besar,  aneka jajanan yang banyak. Juga ada jual sayur mayur.  Ada banyak spot foto yang menarik dari air terjun,  kolam ikan,  kebun â€¦
Rechi Lusiani	5	saya dari Jakarta, Main ke pagar alam untuk menemui teman kuliah saya dan diajak dia kesini, tempatnya bagus, asri, ikan nya gak amis pas dipegang karena air terganti trus dari perairan gunung setempat, kalau dijakarta ada yang seperti ini, â€¦
angga nugraha	4	Areanya bagus...mash dalam tahap pengembangan,,semoga kedepannya lebih baik lg
Alfie Syahrin	5	Keindahan alam yang dikemas dalam bentuk mini, air terjun mini, sungai mini, banyak ikan semah y di budidaya seperti tempat aslinya dan seperti berkembang dg baik karna sebelumnya kita kesini ikannya blm begitu banyak, sekarang sangat banyak yang kecil2. Anak2 jg gak was-was kalau mandi, gakkan hanyutğŸ˜ â€¦
KANCE GALE	5	"Klu ada mempunyai anak kecil,disini tempat wisata yg paling cocok.
Disini tempat kita buat kluarga kita bahagia."
Sepriyii3	4	Tempatnya cukup Asri dan sejuk cocok untuk wisata keluarga dan pelayanannya juga cukup baik. Tempatnya cocok untuk yang suka foto2, banyak spot yang bagus untuk di abadikan melalui kamera. Disini juga menyediakan penginapan yang cukup â€¦
Tri Purnomo	5	Bermain dengan ikan2 jinak yang indah, dikelilingi hutan dan bunga miana aneka warna akan membuat healingmu sempurna. Apalagi ada petikan gitar tradisional dan suara khas cengkok melayu... serasa jadi raja sehari.
Muammar Al Hasani	4	Lumayanlah pemandangannya bagus, ada bunga bunga, air terjun dan ada ikannya yang warna warni, untuk wisata keluarga cocok mengisi waktu libur...
Hakuna Matata	5	Nyobain 1 malam menginap di sini, luar biasa, seluruh karyawan super ramah, dari yg jaga gate, karyawan kantin, yg bagian antar2 ke villa, sampai ownernya super ramah, view nya bagus terawat, cocok buat refreshing, kolam ikannya wah sy suka â€¦
Muhammad Nizar	5	Wisata Alam Green Paradise terletak di Desa Bumi Agung, Kecamatan Dempo Utara, Kabupaten atau Kota Pagar Alam, Provinsi Sumatera Selatan . kota pagar alam juga memiliki wisata lain seperti wisata air terjun, danau dan sungai lematang. kota â€¦
Era Ladyna	4	Biaya masuk dewasa 10ribu, anak2 5 ribu, parkir 5ribu untuk mobil, 3 ribu untuk motor.. mau beli makanan ikan buat ngasi di dalam, tambah biaya 5 ribu.. siap2 makanan dan minuman di dalam ya, soalnya tidak ada orang jualan.. yang dilihat beberapa hewan dan kolam ikan yang ikannya besar2..
Aldo Fahri	1	Tidak recom parkir 10rb, per org masuk 15rb, pakan ikan tiba2 kasih aja tanpa persetujuan byr 5rb, pegawai jutek, ada anjing pulak udah area kecil, aneh area kecil masuk mahal, trs ada spot lg bayar ckup terkejut area kecil gitu, gak sampai â€¦
Ridho Aidil Jamil	5	Mampir kesini kalo lagi di pagar alam ga bakal nyesel, emang tempat nya agak jauh masuk2 plosok, sempet kami ragukan wisata nya jelek.. eh pas sudah di dalem bagus cocok buat keluarga
Info Tekno (Firman8887)	4	Sebagai salah satu destinasi wisata keluarga, ne tempat patut untuk dikunjungi, tempat bermain nya asik, bersih, ada taman unggas, air terjun mini, kolam ikan, taman lumut (mini), taman bunga, yang doyan uplod di IG ne tempat bisa lah biki lamam IG nya jadi kekinian :)
Debi Yoga	1	sangat tidak rekomended.. tiket 15.000 per orang. parkir 10.000. pakan ikan 5000. ini yg kita keluarkan. yg kita dapatkan hanya melihat semak belukar dan ngasih ikan makan...
Dimas T. Priatama	3	Kali kedua saya kesini (pertama, Sep 2016/2017; kedua, Jun 2019). Hamparan tanaman selada nya sudah berkurang. Sudah banyak perubahan, seperti tempat duduk yang bisa di temukan di berbagai titik, adanya banyak spot foto selfie, ada nya â€¦
Muhammad Ansori	4	Destinasinya kurang, HTM perkepala 10.000, mobil 10.000, kalo mau masuk untuk foto2 ke kebun bunga tambah lagi 5000
Dwi Joe Lee Owam	1	Parkir bayar, masuk bayar, masuk lg bayar lg, kebanyakan yg dibayar, bikin bingung
hasan muslim	4	cukup indah pemandangan alamnya,  dan sekarang ada tambahan wahana bermain yang baru yaitu panahan dan flying fox dan akses masuk yang sangat dekat dan mudah juga lahan parkir yang lumayan nyaman walaupun masih apa adanya
Ana Yuliana	5	Tempat yang nyaman untuk bersantai sambil menikmati indahnya taman bunga  serta melihat ikan yang lucu-lucu diiringi suara gemericik air
Zhafirah Syarafina	5	Tempatnya bagus, bersih, nyaman, tenang, cocok banget buat "healing".. ngeliat airnya jernih, ikannya besar-besar dan beragam.. bikin jatuh cinta. Udah 2x ngunjungin green paradise, saking jatuh cintanyağŸ˜ â€¦
Dina Mardina	5	Suasana yang indah di siang hari , dimalam hari agak ngeri ğŸ˜…ğŸ˜…ğŸ˜… â€¦
NETIZEN CERDAS	5	Selain ke puncak Dempo disini Green paradise Asri,adem,nyaman tempatnya buat semua umur ada kolam ikannya yg bisa kita kasih makananya tuk berinteraksi dgn ikan tapi makananya beli sendiri yağŸ˜€ â€¦
Picha Nursella	5	Tempatnya adem cocok untuk yg mau foto2, tempat cuma cocok untuk foto. Untuk duduk2 santai/piknik/wahana lain gak bisa
NAIL ALKAUTSAR PROPERTINDO	5	"Cukup menyenangkan...
Buat liburan ngilangin sumpek"
Heny Wijayanti	5	Biaya masuk 15.000 per orang, parkir mobil 10.000 pas ke sana rame2 lumayan juga bayarnya cuma untuk foto sama ikan
Ary King-King	5	Tempat yg bagus untuk liburan sekitaran sumsel tmpnya adem, sejuk dan view dikelilingi bunga sm kolam ikan.
kevin offisial	5	Salah satu destinasi wisata di kota pagar alam, tempat nya indah bgt dan banyak spot2 utk berselfie riağŸ˜Š â€¦
hendy darmawan	5	recomended untuk yg suka ikan dan kolamnya yg sangat jernih. ada air terjun mini setinggi 2 meter sebagai supplier air ke kolam. terasa seperti di kolam2 koi jepang
Dedy Pratama	5	Mantap nih tempat nya pemandangan yg indah ada bnyak aneka burung2 dan Ayam selain itu ada t4 kolam ikan yg kt bs beri mkn merendam kaki kt
Novan Anjasuma	5	mata air jernih banget, sejuk dibawah pepohonan, lukisan alam yg keren... rekomendasi untuk melepas penat
Safitri Muhlisa	5	banyak spot foto dan air terjun yang cantik. pemandangan indah. terdapat permainan panahan, flying fox, dan bisa memberi makan ikan
Lara Pamungkas	5	Stress relief kasih makan ikan2 di kolam, lihat airnya jernih jd pengen berendam ğŸ˜† â€¦
Tulus Prasetyo	5	Tempat yang sangat cocok untuk liburan bersama keluarga, ada beberapa jenis satwa, Burung dan penangkaran Ikan Semah... â€¦
Een Bae	4	Air terjun buatan mirip taman2 air terjun ala jepang.. Tiket masuk 5rb/org dan tiket parkir...plus dpt pelet utk ksh mknan ikan .sgt indah, sejuk dan murah.. Destinasi ciamik dikota pagar alam
Titi Novalia	5	Beautiful Place for relax your day. tapi harus lebih dkembangkan lagi. karena banyak potensi disana, biar pengunjung gak bosen.
Sri house muslimah	5	Bagus...sayang belum lama sampai sudah hujan ..jadi belum sempat explore semua area wisata..ğŸ¤” â€¦
Fadhel Zamali	4	hutan konservasi yang memiliki view yang bagus, cocok untuk liburan keluarga, akan lebih baik lagi ditambahkan/diperluas lagi
Mumu Abdul Mutholib	5	Amazing place . wajib kesini kalau holiday
Ririn Crisdiani	5	Bagus bangett, tempatnya sejuk, murah sihh menurut akuuu perbanyak aja tempat2 foto nyaaa pasti lebih menarik
Timur Ahadi Santoso	4	Lumayan bagus, tapi jalan di sekitar green paradise-nya becek, perlu dikasih conblock dan perlu pengelolaan sampah,
Herina Yunita	3	Tempatnya lumayan bagus.. spot utama wisata di sini ngeliat ikan sama ngasih makan ikan.. kolam ikannya keliatan alami sih karena kayak di tengah hutan gitu... Lumayan menghiburlah kesini
MoFi Firmansyah	5	Indah, sejuk dan asri... Terdapat beberapa tingkatan air terjun mini dan satu yang agak besar di belakang setinggi kira-kira 4 meter. Ada kolam ikan dan wahana permainan seperti flying fox, panahan dan tarik perahu. Tempat liburan asyik untuk keluarga dengan harga tiket masuk yang cukup terjangkau.
Adam Eka Purnama	4	Tempat wisata alam di Kota Pagar Alam, terdapat kolam ikan Semah dan Mata Air murni yang dapat diminum langsung
M. Egi Kurnia Sandi	5	Wisata terbaik menurut saya, wisata ikan koi sangat indah dan alami. Ikannya juga sangat di rawat, gemuk gemuk dan sehat.
eko fajariyanto	5	Terdapat ikan semah, ikan khas Pagaralam. Ikan2 disini jinak2. Wisata pemandangan air yg menenangkan, semoga selalu terpelihara. Bagi yg mau menginap terdapat penginapan juga di area wisata
Elly Suryani	5	Suasana asri, nyaman. Destinasi baru  wisata di Pagaralam, Kecamatan Dempo Utara dengan andalan taman air dan tanaman dan Ikan Semah
Ika Momsnaurailana	5	Cocok untuk wisata keluarga, hawa nya sejuk. Mushola dan toilet ada
Muhamad Ilham Maulana	4	Mayan sih cuma ga seindah dulu aja, tapi hewan di parkirannya ngegemesin, ya kali rada di pelihara lagi bagus pasti, air masih seger dan juga masih banyak ikan yg bagus
Dorris Tua Gultom	5	sangat nyaman.. ada vilanya jg.. buat yg butuh refresing cocok banget nibtempat
maskumust mustahliqin	4	"Salah satu tujuan wisata di Pagaralam yang menawarkan keindahan alam dan beningnya mata air yang air nya dapat langsung di minum. Ada juga kolam ikan yang berisi ikan Semah, ikan khas Besemah/Pagaralam.
Tempat yang cocok untuk mengajak keluarga."
Lia Aprilah	5	Salah satu wisata di kota pagaralam, tempatnya adem, pemandangan ny jg bagus
Rantika Aswan	4	Tempat wisata yang nyaman untuk dikunjungi bersama keluarga. Terdapat kebun binatang mini yang dihuni beberapa hewan seperti Iguana, burung dll. Ada juga kolam konservasi ikan dan pengunjung dapat memberi makan ikan yg pangannya telah â€¦
Linda Wijayanti	5	Suasana yg sangat membuat hati tenang dan tentram selalu berada disana...love Pagaralam.....
Anni Mardiyah Mukti	5	Tempatnya bagus.. Tamannya cantik... Ada mushola n villa.. N kolam ikan... Selalu jadi favorit kalau datang ke pagaralam tuk berkunjung ke sini... â€¦
Shofian brown	5	ã€‹ ê¤³ê¥‰ê¤¸ê¥“ê¤¶ê¤³ê¥“ê¤» ê¤·ê¤±ê¥ˆê¤¼ê¥“,  ê¥†ê¤¼ê¥“ê¤½ê¥‰, ê¤´ê¥ ê¤³ê¥‰ê¤µê¥.   || Tempatnya bagus, asri dan tenang. ã€‹
Musanaf Official	5	"Grand Paradise Pagar Alam
Salah satu Wahana Alam yang banyak di konjungi para wisatawan, Grand Paradise masuk dalam kategori 10 wisata Favorite di Sumatera Selatan, kalau foto ini saat kami kegiatan Out Bound di lapangan grand paradise"
papa irwan	4	Tempat melihat ikan basema secara langsung.. Ikan khas pagaralam.. Recomended tempat wisata
Ranti Fani	4	Bagus siey tempatnya.. masih alami bgt.. sejuk.. bagus jg untuk pengenalan alam buat anak2
Nur Khasana	5	Tempat nya bagus, spot fotonya istagramable banget. Tapi mohon tempat parkir nya agak di perluas lagi, dan usahakan tdak ada pengunjung yang  kendaraannya  parkir di pinggir jalan. Mohon pernertiban untuk tempat parkir. â€¦
Agung Anggara	5	Tempat yang indah dan masih alami terdapat beberapa villa/pondok untuk menginap yang menghadap langsung ke kebun bunga juga terdapat kolam ikan banyak sekolah spot foto yang bagus
Meditha Rhoman (Adilahat)	5	Tempat wisata yang cantik, dikelola dengan baik, bersih, pegawai ramah, semoga selalu menjadi terbaik
nazrul Pieterpan	5	Tempatnya Nyaman Dan Sejuk,. Dengan Disajikan Pemandangan Air Terjun Kecil.. begitupun dengan Airnya Yg Begitu Jernih Dan adem.ğŸ˜ƒğŸ˜„ğŸ˜€ â€¦
Nurhidayat Helman Sihombing	5	Lokasi mudah dijangkau bisa menggunakan angkutan umum atau ojek dan kendaraan pribadi dari kota Pagar Alam. Tempatnya luas dan alami..cocok lokasi prawedding dan acara liburan keluarga..tiket masuk standart dengan tempat wisata lain.
Yanti Yanti	4	Lumayan bagus tapi kurang banyak tempat untuk lesehan dengan keluarga
My Diary	5	"Pas foto dikolam ikan..hsl fotonya seram heheheee
Tempat wisata aman untuk balita"
Gusti Harmayanti	5	Bersih, banyak ikan gede2, pemandangan yang indah, udara bersih karna jauh dr kota dan kaki gunung, air nya jernih. Anak2 pada suka karna ikan yg banyak
Satria Efi	4	Salah satu tempat yang disenangi anak-anak dan keluarga
asfiandi andi	5	Sudah dikelola dengan baik, terdapat pemancingan dan spot-spot foto yang Instagramable
bg naga	5	"Tempatnya bagus dan memiliki alam yang sejuk.
Alam yang asri tapi masih dalam tahap pembenahan."
Ramlan Effendi	5	Green Paradise pagar alam bertempat di desa muara siban dempo utara. Memiliki pemandangan alam yang natural dengan aneka jenis bunga yang disusun menjadi bermacam macam bentuk. Di sini juga ada beberapa kolam ikan dengan air yang sangat â€¦
Riamzah Ryacudu	4	Tmpt / lokasi wisata yg cukup bgus utk dikunjungi, terutama kolam ikanny bgus dgn ikan khas pgar alam bnget...
Rony Baron	4	Green Paradise adalah resord objek wisata alam yg menakjupkan di GP terdapat mata air alam yg mana air nya sangat jernih dan bisa langsung di minum  @ adventureofpagaralam #pesonapagaralam #hpipagaralam
Imam PSI UINSUKA	5	"asik lihat ikan, dan airnya masyaalloh jernih banget.
saat masuk, disambut salam oleh burung. â€¦"
Hasna Amalliya	5	Lokasinya di pagar alam, ada air terjun dan kolam ikan, rekomen buat kalian yg hobi berfoto-foto
arthika nauli	5	Kamarnya enak, full karpet. Room servicenya ramah banget dan helpful. Water heater ga nyala tapi dinginnya masih bisa ditahan. Kalo yg nginep di sini bisa brenang sama ikan.
Te Ir	5	Lokasi wisata di dataran tinggi Kota Pagar Alam dengan hawa yang dingin, terdapat mata air yang mengalir dan dijadikan penangkaran ikan koi yang menjadi daya tarik tempat ini. HTM hanya 5rb rupiah sangat terjangkau dengan area parkir yang â€¦
Tiwi wiwik Darius	5	tempat paling sejuk.nyaman.tenang..recom buat di kunjungi setiap saat
Kadri Putra	5	Tempatnya cocok bagus buat rekreasi
Yurnanto HK Hattami	3	"Bagus, sejuk... sesuai namanya.
Per 2023... HTM Rp 15rb dewasa, anak 10rb.. parkir mobil 10rb, motor 5rb..masuk taman bunga bayar lagi 5rb..mau kasih makan ikan voornya 5rb/bgks..ğŸ˜ğŸ˜
udah ga worthed lagi sich â€¦"
Rizki Putri Pratama	5	tempat rekreasi recommended disini!!! bersih, private, dan anak pastinya senang.
luna tour and travel	5	"Keren tempatnya
Murah htm nya
Ramah pelayanan nya
Bikin hati nyaman melihatnya"
Saif Fathan	5	Tempatnya masih alami sekali
Kholilah Soleh	5	Tempat yang tenang untuk bersantai bersama keluarga sambil menikmati pemandangan alam yang indah
iwi yanto	5	Tempat ini sejuk dan indah ikan hidup di alam yang asri
Hendri Athoriq	5	Sangat menyenangkan membuat pikiran kita Gress kembali
Safran Halim	5	Tempat yg membuat serasa di "Paradise". Harga tiket terjangkau
David vincent parlindungan	5	Asri hutan buatan dengan lanscape diisi Ikan Koi dan Ikan Semah pada kolam sungai buatannya
Timotius Widjaja	5	Kecil tapi alami. Air terjun ada kolam ikan. Beli makanan ikan supaya ikannya datang
Bobby chandra	5	Terdapat mata air yang sangat jernih sekali diluat dari permukaan air tembus sampai kedasar...airnya sejuk dingin seperti es jika di masukan kebotol akan mengembun dan airnya di yakini hampir sama kualitasnya dengan air zamzam yang ada di mekah
Eko Sambas Priyatna	4	Cukup menyenangkan untuk melepas penat dengan bercengkrama bersama ikan yang menenangkan.
Triana Nurmayati Sihombing	5	Segar dan asri
Nyayu Sofiah	5	Tempatnya nyaman,indah,ada mata air yg bisa langsung diminum,ada byk ikan yg ngegemesin
Abu Zaim	2	Mahal itu relatif, jika harga sesuai dengan ekspektasi dan yang riil didapatkan.
Arifa Juliastika	5	Wisata alam buatan yang sangattttt Bestttt!! Ga nyesel kesini
Belarizka Aztina	4	Membludaknya pengunjung pada musim lebaran sekaligus libur, jadi banyak tanaman-tanaman rusak dan tidak terkondisikan. Semoga segera diadakan perawatan. Overall bagus.
Ferly Lubrex	3	Sarana dan prasarana penunjang bagi pengunjung belum memadai, rawan terpeleset karena jalan dan jembatan bagi pengunjung belum di perkeras/cor.
Bayu Argo Asmoro	5	"Agrowisata yg luar biasa...bernuansa alam yg betul2 masih alami...
Ga nyesel jauh2 ke Pagar Alam
Nyesel ke Pagar Alam kalo ga mampir sini"
Azhari Lukman	4	Menyenangkan, air terjun mini, dan beberapa jenis binatang ada di lokasi
Beni Saputra	5	Bagus untuk liburan,ada aneka macam pemandangan,mulai kebun bunga,air terjun,kolam ikan dan kebun binatang yang sangat indah dan mempesona
anjas limpukasi	4	"Bunga banyak, ikan banyak,
Lebih bagus kalau ada kolam mancing sebagai hiburan tambahan, skaligus bosa langsung pesan utk dimasak ğŸ˜€ â€¦"
Yulinda yuli	5	Tempatnya sejuk, adem, bersih dan enaknya lagi kita bisa ngasih makan ikan, ada juga tempat shalatnya ğŸ˜‡ â€¦
Arief Syaifullah	5	Kedua kalinya kesini dan gak pernah bosen, selalu kagum sama beningnya air dan padatnya ikan di kolam
Imasnita Rezilinia	4	keren bgt. cocok utk liburan bersama keluarga
dayanti99 __	5	Keren banget sumpah disini jadi fresh banget otak heheh
Su'udi Aba	5	tempat week end keluarga yg sehat dan nyaman
Lani Pratiwi	4	Tempat asri, cocok untuk liburan keluarga & ramah bagi anak2.
Widyawati Edwin	5	Tempat rekreasi yang edukatif sejuk nyaman indah cocok banget tuk keluarga bersih
ali hastila	5	salahsatu tempat yang sangat nyaman buat rekreasi dipagaralam....
Wilson Vics	3	Tidak banyak yang dapat dilakukan di tempat ini, karena keterbatasan luasan lokasi,  kita hanya dapat menikmati beberapa sajian berupa kolam ikan beraneka ragam jenis dengan ukuran ikan cukup besar, termasuk didalamnya juga dilakukan â€¦
Muslim Budiman	5	Sejuk, asri, tenang, bagus untuk wisata alam dengan anak-anak..... Lokasi mudah di jangkau dengan kendaraan
Ricky Gunawan	5	Ada sumber mata air yg dapat diminum secara langsungğŸ™ğŸ» â€¦
Aidil Gusti	3	Menyenangkan,sejuk dan indah tapi kurang /gak ada tempat duduk /bangku duduk buat pengunjung.
aditya nugraha	5	Sngat bagus untk rekreasi keluarga
Melda Lubis	5	Tempat nya bersih, bagus
Gina Eka wulandari	5	Gemes liatin ikan ikannya ğŸ˜‚ â€¦
mir dudut	5	Saung nya enak, kolamnya asyik
aguswid	4	Lumayan bagus, cocok untuk anak kecil
Yetti Mayasari	5	Kolam ikannya banyak, ikannya bagus2, kolam ikan alami. Area selada air juga luas menambah indah pemandangan. Air terjunnya rendah. Spesies hewannya sedikit. Harga masuk murah meriah, dewasa 10 rb, anak 5 rb, parkir mobil 5 rb, parkir motor â€¦
Ricky Hafids Sulamto	3	Jalan masuk ke objek sempit dan tempat kurang rapi dan bersih
Eva Susanty	5	Tmptnya sejukk bgus untk fto"...suasna nya alami bgtt..
Wahyu Prasetyo	4	Sangat bagus dan sedikit lagi menjadi lebih baik apabila di lestarikan lagi
Mustofa Holil	5	tempatnya bagus, konsepnya mengikuti alam dan berganti-ganti ada pemancingan, kolam ikan, mata air siap minum
Novia Fajrina	4	Keren kok . Bersih jugaa ... Enaknya sore main kesini.
Diary Sa	4	Tempat wisata yg cukup menyenangkan dan menenangkan. Back to nature
Febriansyah	4	Wahana wisata yang memadukan Alam dengan konsep Resort,  Air yang jernih dan Dingin ada juga kolam Ikan tempat konservasi Ikan Semah , ikan yang mulai langka di wilayah Ini â€¦
Fais Fateh	4	Kurang disegi kebersihan kandang hewannya,, kasiahan mreka kotoran sudh menumpuk namun tidak dak cepat bersihka
Muhammad Penta Arif	4	Okeh ini kedua kalinya saya mengunjungi green paradise, kalo ga salah pertama kali tahun 2017/2018 waktu itu masih bisa kita main air sambil anak anak berenang di kolam besarnya karena airnya ga dalem. â€¦
Anadia Septini	4	Tempat healing yg recommended banget bareng keluarga ğŸ¥°ğŸ¥° â€¦
Vivit	4	Seharusnya bisa lebih bagus lagi dari skrg, kalau dirawat berkala dan juga pengunjung jgn buang sampah sembarangan dong, pdhl sdh ada tempat sampah disediakan. Kalau tmpatnya bersih kan poto2 jg bgs. Semakin maju wisata daerah ini dan semakin dikenal nanti akan meningkatkan perekonomian jg.
Fitria Kesuma	5	Tempatnya keren, recommend untuk anak2..
Malikul Ahda	3	Sangat menyenangkan hanya saja tempat duduk santai yg blm tersedia.
dian apriyati	5	Bagus,  banyak ikan2.  Asri
Riwayant Family	5	Tempat rekreasi yg elok dan cantik ..  pemandangan alam yg indah ... Keren
Kurnia Tri Wahyuni	5	tempatnya sejuk dan asri, pemandangannya jg bagus.
Aldini Nofta Martini	5	Salah satu tempat wisata di Pagar Alam yang menyuguhkan pemandangan indah nan hijau, terdapat kolam ikan, air terjun kecil dan hamparan seladah, anak-anak bisa juga bermain air disini, selain itu terdapat beberapa hewan seperti ayam jago â€¦
Octaria Dian	5	Indah sekali pemandangannya
Zainal Asikin	5	Tempat yang nyaman dan tenang untuk keluarga.
Tomy Heryandi	4	Oke.. banyak spot untuk edukasi tidak hanya berwisata.
Tri Rizkiah	4	Bagus utk ngajakin anak kecil liat2 ikan disini, musholla ada, tapi coba di tambah tempat makan disana pasti lebih enak tu
Etiko Rini	5	Tempatnya dingin dan asri, agak jauh dari kota Pagar Alam, cocok untuk healing dari hiruk pikuk perkotaan metropolitan.
EDI ISKANDAR	5	Isinya taman bunga, kolam ikan , air kolam sangat jernih
Tokoh musik Bengkulu gitar 2	4	hrga masuk dikurangin dkit
Indah Darwis	4	Kesini dgn romb teman kantor.. HTM 10k, anak2 5k, ada sedikit hewan2, kolam ikan tpi ikannya sedikit, air terjun buatan, taman, dan rumah2 adat unik.. lumayan lah
Abtrisna Jaya	5	Agrowisata dengan air terjun mini buatan dan kolam ikan
djunior koboi	5	Yang penting ada Mushola,bisa untuk istirahat dan sholat,tiket masuk terjangkau.
Anjar Jr	5	Suasana alam yang asri dan menenangkan
Abid Mubarok	4	Green Paradise tempat yg nyaman dan udaranya sangat segar alami sbb diterletak dikaki gunung dempo pagaralam, nuasa alami sangat kental dengan air yg mengalir tanpa ada peralan tambahan seperti pompa.
Vivi Morgana	5	Nice view , udara bersih , yang paling saya suka dari tempat ini ikan nya langkah, dan besar banget . Minus nya hanya monyet / siamang di ikat lehernya dan hanya diberi rumah kecil . Mohon pengelola untuk di buatkan kandang yang layak .
Annisa Mardotillah	5	Green paradise (seladahan) masih astri dengan tanaman yang menghijau
Mardiansyah Usman	5	Lokasinya masuk Desa Sukarami, min. ğŸ˜ğŸ˜ â€¦
Dian Lestari	5	Taman bunga yg cantik dan bnyak ikan di air yg sangat jernih
Nitta Mirhan	3	Tempatny keren,sejuk alami n byrnya muraaah abiiiz
david cung	5	lokasi terlalu kecil untuk wisatawan. hanya kolam ikan yg oke.. yg lainnya biasa aja.. bagusnya ditambah lagi...
Luo Feng	5	mantaappp, tempat sejuk, mungkin ditambah spot yg bisa berinteraksi dg ikan.
Retta Bernadetta	5	Airnya bersih, pemandangannya bagus. Recomend untuk warga sekitar Pagar Alam untuk berkunjung jalan2 singkat
Citra Dewi	5	Tempat yang bagus banyak ikan koi nyaa ğŸ¤­ untuk masuk 10rb/org ini sdh dpet makanan ikan koinya ya dan utk parkir mobil 10rb juga ada air terjun kecil didalam green paradise ğŸ˜˜ â€¦
Mhd Adi27	1	tempatnya keren
Vicky Ramadhan	5	Ga ada bagusnya liburan disini, karyawan yg jaga pintu masuk ke taman seribu bunga itu attitude nya perlu di perbaiki. Lihat di foto keren bgt pas datang langsung ga sesuai harapan. â€¦
Abang Enji	3	Indah betul pemandangan plus ğŸ nya â€¦
FIRDA TRI HERMAWAN	5	Wisata kolam ikan mas
Harri Daffa	4	Mantap...gak nyesel mampir ksini
Zamhari Hamka	5	Green paradise memiliki tatanakeindahan alami terdapat sumber mata air mineral yg dapat diminumlangsung dri sumbernya. Disamping terus menambah wahana permainan. Juga memiliki byk hewan unik Dan langka sebagai edukasi bg wisatawan. Udara â€¦
Endang Supriyatna	2	Ambiance atau suasanya sih oke dan nyaman. Tipikal wisata yang cocok untuk daerah sejuk seperti pagaralam. Sayangnya saya datang sebentar kemudian hujan. Sehingga tidak banyak yang saya explore. Sedikit pengembangan lagi rasanya akan semakin baik.
Rumahbelajar Alifia	2	"banyak seladanya dan pemandangan aliran airnya yg asri begitu memukau banyak ikan cantiknya juga ;)
sayang perusahaan air minumnya tidak beroperasi lagi padahal air mineralnya â€¦"
Abdullah Ce Em	5	Biasa saja, kurang maksimal pengelolaannya. Seharusnya kolam dioptimalkan lagi, isi ikan yg lebih banyak dan corak yg menarik
Irwan Setiyandhy (Wan)	5	Suasana alamnya yg masih natural kurang terdukung dgn penataan anatara pondok ( joglo ), air terjun, kolam ikan, bbrp jenis hewan yg kurang nyaman.
Hendro Budoyo	5	Bersih,nyaman,disediakan tempat solat,keamanan terjamin..tempatnya bernuansa islami
zahra elviam	4	Bagus tempatnyağŸ¥° â€¦
Gita Nata Parawanesthi	5	Harganya 30rbu (2 dewasa, 1balita, parkir motor, pakan ikan). Muraaah bgt kan?? Bisa ngenalin anak ke alam sama fauna2 yg lumayan beragam â¤ï¸
Cahyadi Axie	5	Bagus kolam ikan nya..gk gitu rame..ada tempat nginap sekarang..
bambang sutarsum	5	Tempatnya sejuk dan tenang , fasilitas oke, dan suasananya sangat alami dengan suasana khas pegunungan ..ayo kalou ke Pagaralam mampir kesini...
fajar surya wibowo	5	Tempat yang asri untuk menghilangkan penat
Fauzi Zi	4	Sangat bagus
Hendra Irawan	4	"Wisata yang mempesona di dempo pagaralam
Kalian bisa mengajak sahabat. Pacara sekaligus keluarga kalian disini
Gak usaha takut. Tiket murah mulai dari 10.000 an"
Marjiin Jiih	5	Suasananya sangat tenang tempatnya bersih nyaman tempat wisata yang menarik, ada burung elang dan iguana, dan yang paling asyik ialah ketika memberi makan ikan ikan
Fithrah 77	5	Anda disajikan mengenai keindahan kolam ikan yg asri dan tata letak pohon yg bagus. Cukup lumayan untuk mengisi liburan.
RNV Official	5	Pengalaman saya di green paradise tempatnya sejuk nyaman menghilangkan stres dengan berbagai tumbuhan selada air yg bersih dan bening + penghilang stres yg paling ampuh yaitu memberikan makanan ikan yg berjumlah banyak dan besar it seru banget seperti taman bogor
Rahmad Sy'ah dewa	5	Kurang tempat lesehan nya aja
Jose Farrel	5	kalau lagi sepii... sungguh menenang kan... aiiir nya mantap.. ikan kerutup & menu lainnya enak
Wah yuni	5	ğŸ‘ğŸ‘ğŸ‘ â€¦
Baba Hanif	5	Sejuk, segar, bersih sekali, parkir oke, petugas ramah, musholla enak.
Sri Rahma	5	Sangat asri cocok Untuk keluarga
Riyan Kantar	4	Tempatnya sejuk dan pemandangannya juga sangat bagus, untuk tarif cukup terjangkau, kalau masuk disini pastikan sudah dapat pakan ikan + parkir tidak bayar
M. Darun Nafis	5	Sayang menyenangkan untuk berlibur kesini
Julianto Tanusaputera	5	"Tempatnya enak sejuk. Cuma harus diperluas lagi ya.
Air terjun mininya bagus.
Ikan2 banyaaaaaak."
Cecep Darda	5	Sangat menyenangkan
Sunarji	5	Tempat yang sangat menarik untuk dikunjungi
Firman bae	5	Selamat berlibur
AbbanArt Studio Digital	2	"Wisata di pagar alam yg nyaman, Sejuk.
Terutama tempat sholatnya bersih, adem. â¤â¤â¤"
Leo Nardo	5	Ada tempat buat beri makan ikan, seru bisa ngumpulin ikan rame" buat difoto tempatnya keren deh, untuk tiket masuk Rp.15 rb ya
Widarto Wakidjan	5	Tempatnya kurang pengelolaan dan perawatan, hanya pembibitan ikan saja yang bisa dilihat..
Desi Mudaini	5	Tempat wisata yg cocok untuk keluarga . Tempat sejuk setelah kebun teh di villa gunung gare.
Ken Umi Novianawati	3	Sangat asri dan menarik
Muth Suri	5	Airnya masih jernih, ikannya banyak, tempatnya ga terlalu gersang, tapi pondok"annya masih dikit banget kalo buat makan"
Ardhi El Mahmudi	5	Yang menarik cuma kolam ikannya aja, lumayan buat foto2
Henny Puspasari	5	Tempat wisata alami yg sejuk dan asri sangat cocok utk wisata liburan anak sekolah dan keluarga ditambah fasilitas toilet dan mushola.
Wahyu Hadi Sasongko	5	Sungai kecilnya keren banget, jangan lupa bawa makanan sekalian makan siang disana. Perlu upgrade fasilitas biar pengunjung stabil
Khadafi Junior	5	"Lumayan buat rekreasi keluarga..
Mushola ada, toilet bersih..
Ada kolam ikan, kebun bunga, cocok la buat bersantai ria.. ğŸ˜ƒğŸ˜ƒ â€¦"
Kurniawan Putra	3	recomended bwt ibu dan dan para remaja putri yg selfieholic...hahaha
Rico Ardiansyah	3	Suasana alam yg sangat terasa
Arma Nasir	4	Lumayanlah..tempatnya cukup bagus hanya saja areanya tidak terlalu luas...terkesan sempit gitu..ga bnyk yg bisa di lihat.
Mang Eja	4	Lumayan bagus, cuma masalah kebersihan harap lebih diperhatikan, banyak sampah plastik yang sengaja diselip2kan diantara pepohonan, tolong disediakan tempat sampah di sana
Lidya ph	5	Tempatnya bagus, airnya jernih banget. Tapi spot wisatanya cuma sedikit, jadi kurang begitu puas.
rani widiowati	5	Rasa penat hilang ketika berkunjung kesini, karna tempat ini kita bisa melihat dan memberi makan ikan2 dan terdapat air terjun kecil â¤
Jaka Damara	5	Untuk refreshing liat2 ikan
Wongblitang *MI*	5	Tempat rekreasi yang nyaman untuk keluarga
rani	5	Tempatnya keren & sejuk
Febriwandini	3	Gemercik air menenangkan suasana hati
BAH TIAR	5	"Bersih aman rapih dan indah
Masya Allah mantap"
Oktariana Sari	5	Tiket masuk 10 rb. Ada air terjun, taman bunga, binatang dan masih banyak lagi
Dede Dwiansyah Putra	5	Bagus tempat nya alam banget ada kolam ikan gese dan air terjun buatan
Miko Kartus	4	Ada kolam ikan ,ada air terjunnya,dan ada taman unggasnya tempat hewanÂ² dan sejuk
Tedy Foo	5	Salah satu Tempat tujuan wisata yg ada di kota Pagar Alam...
Sepriyadi	4	Temaptnya enak, bersih dan nyaman. Bisa memberi ikan makan. Ikannya banyak dan besar2. Masuknya juga murah.
Riski Pramata	1	Tempat yg menghibur untuk anak dan dewasa
Dona Prnmsr	5	Lumayan buat refrsehing mata...
ahmad Al	5	"Parkir motor 10rbu
Masuk wahana ikan 10rbu
Masuk lokasi bunga 10rbu
Ngk sebanding sama yg dilihat"
Hery Purwanto	5	Tempat rekreasi murah di pagaralam
suslianti djauhari	5	Suasana alam yg sejuk dg sungai yg di penuhi dg ikan2,serta mata air yg msh alami
Dewi dhe_way	4	Tempat nya asri dan nyaman... Buat berlibur dan menambah wawasan jelajah anak
Exsa Putu	5	"Siapa sich yang ga suka sama yg ijo2....
Bayangkan....
Selada seger terbentang luas, air yg super jernih, top markotop lah pokoknya..."
Lensianggraini 1201	5	Tempat yang sejuk, pemandangannya juga indah, bagus untuk rekreasi bersama keluarga/teman.
Camelo Indonesia	5	ğŸ‘ğŸ» â€¦
Rapie Darwis	5	Alhamdulillah sudah bisa hijrah lebih baik
Darma Wan	5	Tempat yang asik utk ajak anak2 mengenal jenis jenis ikan pemandangan yg asri nyaman
Bang Juno	5	Taman tanaman dan budidaya ikan besemah asli Pagaralam,
Dan. Senapan 30 Brewirajaya	3	perlu ditambah wahana lain.. spt arena permainan anak atau lain2..
Doni irawan	5	Mantul,cocok untk menghilangkan sejenak hiruk pikuk kota metropolitan.suasana yg sejuk & tmpt yg bersih
Trionohendra Safei	3	Sebenarnya menjanjikan , perlu diperhatikan lagi mengenai perawatan nya
baron	5	Green Paradise resort dan conserfasi adalah objek wisata alam yang bagus untuk di kunjungi di kota Pagaralam  karena Green Paradise memang sorga yang tersembunyi di utara kota Pagaralam Sumsel
AFRI MLADASS	1	Akses masuk ke lokasi, parkir, sarana umum, masih belum ter kondisi dengan baik, apalagi saat libur lebaran/pengunjung padat.
Andi Saputra	4	Sangat bagus. Nyaman. Ada hewan dan wahana yg lain. Seperti wisata alam
Meidian Renaldo	5	Harga tiket masuk tidak sesuai dengan kepuasan yang didapat,taman bunganya tidak luas tidak banyak yang bisa dilakukan disini
agus jerman. chanell	5	Tempatnya ok gak ngebosenin banyak ikan2 koi yg gede2. Juga. Hewan unggas yg macem2!  Ok aja tempatnya.
ardhy aza	5	Cocok untuk liburan bersama keluarga
Wika Azhari	1	Tempat yang asri di pinggir kaki bukit
Deri Sandria	5	tempatnya nyaman dan menarik juga aman unyuk anak anak
Putri Melani	5	Mungkin bbrp bulan yg lalu melihat komentar2 disini semua pada ga kecewa, namun setelah kemarin dtg lgsg kesana. Saya dan teman2 merasa dikecewakan dan tidak sesuai dengan ekspektasi kami.
Bias Gilang	5	Indah kolam ikan sabgat bagus
Robby Subakti	2	Bagus, pemandangan nya indah, tempat sejuk, sunyi, pokoknya tenang kalau kesana
gina Abdullah	4	Pelayanan bagus ramah, tempatnya bersih ğŸ‘ â€¦
ridho rahmadianto	5	Awalnya pas masuk kelihatan bagus ,tali pas sudah didalam tempatnya masih banyak ada sampa pelastik dan petugasnyapun kurang ramah
WAHYU PRASETYO REAL	2	"Cukup enak dan nyaman disini
Membuatku tenang tapi disini belum disediakan tempat untuk bisa makann"
deddy cepot	4	Bagus ğŸ‘ğŸ‘ â€¦
Pebni Wika Rulita (GHyuphi)	4	D iluar harapan sih ya. Tak kira keren beneran, ternyata biasa aja sih. Cuma spot buat foto doang. Nothing else.
Ferdy Ferdiand	4	Mantaf ğŸ‘ â€¦
jayanti sa	5	Tempat asri dan nyaman, ada tempat sholatnya bagus, toiletnya selalu bersih.
eko yudhi	3	Utk spot fhoto sgt bagus
Jho Zu	3	Wisata terpadu...  Bagi pecinta ketenangan dan suasana alami sangat cocok kesini.
Heru Pranata	5	Lumayan bagus,tapi perlu di tambah objek yang lebih menarik lagi,biar tambah seru
Refi Gasdom	4	Bagus
Muhammad Ali Imron	4	"Wisata alam di kota pagar alam..
Rekomended banget buat liburan bersama keluarga.."
iwan setiawan	4	Segar dan alami membuat ketenangan pikiran
Abu Alfa	5	Pemandangan sekitar bagus, tempat bermain bagus, udara sejuk, jalan ke arah sana juga cukup bagus...
Teranex 3d	5	Isinya ikan, ada burung. Lumayan lah
ari sakti	4	mantap utk luburan sama keluarga
Eki saputra (Eki)	5	Saya senang pas bagian kolam ikan dekat curug hehe begitu menenangkan
ahmad fajri	5	Lumayan baik, cuma kemarin dateng pas hujan jadi tidak bisa coba semuanya.
mdusalam	5	Tempat rekerasi akhir pekan recommend
Rara and Dias comel comel	5	Maknyos
yansen sri	5	Tempatnya sejuk enak... Masih asri... rekomendasi lah buat traveling
Janual Aidi	5	Tempat wisata baru di Pagar Alam, keren...gak nyesel jauh2 datang dari Lombok
Prayuza Yusri	5	Wisata alam, dengan pemandagan kolam alam dan penangkaran ikan semah yang sudah mulai langka
Dimas Gatot Subagyo	5	Tempatnya asik,  tenang,  asri, pas buat berlibur bersama keluarga.
achmad Egar	5	Ga nyesel datang kesini, sangat memanjakan mata bangett
Apex repair bengkulu Bengkel pengecetan	5	Pemandangan ny bagus2, adem banget
Santica Ogase	5	Wajib dikunjungi siih klo ke pagar alam
Mah Gumay	3	Perlu pengembangan agar pengunjung tdl mudah jenuh
novian fazli	4	Tempat refreshing alami yang cukup menarik saat berkunjung ke pagaralam
Evi Mulyati	5	Adem tentrem
Merny Riswan85	5	Bunga bunga sudah banyak tidak terawat.  Byk yg sudah rusak
Daenk Yadi	4	Nyaman
Nunung Indrawatiyju	5	Tempat rekreasi yg nyaman, orang2nya ramah....
Ismail Khayla	1	Tak jemu memandang pemandangan d sekitar, kolam buat anak anak mandi
Reno Samuri	5	Hiburan kolam ikan serta mini air terjun untuk anak anak bermain air
Seftika Amelia Tika	4	Tempat wisata bagus. Sejuk nyaman dan indah.
Eza Shito-ryu	4	Cuma swafoto aja. Tidak ada yg lain. Saung makan jg nggak ada.
Oka Oprinda	4	Bagus tempatny dan harga tiket masuknya sangat terjangkau
Ria Rizky	5	Pemandangannya indah, ccok buat para traveller yg ingin berfoto disini
Sfc Suriy	5	Lumayan tempat wisata menghilangkan rasa jenuh
Salsa Alya	4	Sejuk
sapri ansyah	5	Bagus
Muhammad Hasbi	4	Green Paradidise merupakan salah satu tempat wisata taman bunga di Pagar Alam
Firman Syah	5	Cocok buat yg suka liat ikan banyak2
kanayanayaka Chanel	5	Tempat yg nyaman ntk istirahat dan mencarinya inspirasi
Adeeva Myesha	5	Cukup baguss tempatnya.. Tp terlalu banyak biaya..
apri lensi	4	Mantap...sangat membantu menghilangkan stress yang menumpuk
Efrizal Buyung MASTER KEY TOYOTA	5	Sangat menyejukkan dan memanja kan mata . Adem . Indah
EMIL ADRIAN	3	Mantap...
PRIA ISTIMEWA	4	kolam ikan, curug, sungai air jernih... cocok buat ğŸ‘« â€¦
IRFAN IRFAN	5	Tempat liburan keluarga terbaik di kota pagar alam
Hendra Fernansya	5	Cukup okelah untuk swafoto, anak2 juga nyaman
Widya Larasati	5	Bagusss. Cocok buat sarana refreshing bareng keluarga
hengki tiolina mangunsong	5	Air yg jernih, langsung dari gunung. Danau buatan yang sumber air nya dari gunung,
Jefri Adi	5	Melepas penat bersama ikan besemah
Sony Setiawan	3	Suasana yg nyaman sejuk dan asri
Prasetya Arif	5	Banyak atraksi dan cocok bersama keluarga
emild lio	5	Salah satu tempat wisata yg harus dikunjungi kalo ke pagaralam
tiara mutiara	5	Masuknya bayar. Kalo mau masuk ke tempat bunga bayar lagi
Dita Rahmawati	5	Suasananya enak banget sumpah ikan2nya lucu banget
Mige Lania	5	Tempatnya bagus, udara sejuk
merza ajeng	4	Tempat nya bagus cocok untuk tempat wisata
Yudhi Dwi Sahputra	5	Indah banget, dan yang buat greget ikan nya, wau keren
Dicky Diovela	5	Elang brontok green paradise
Mahyen S Harsen / Een	5	Tempatnya asri masih alami...top mar kotop
Beni Firmansyah	3	Tempatnya oke punya apalgi utk bawa keluarga..
deen kim	3	Tempatnya sejuk alami bersih jauh dari polusi
A. Tias Kurniawan	5	Tempat yang bagus untuk berfoto dengan pemandangan yang indah
Meggi Adi	2	Keren, menyejukan mata.. Tapi sampahnya masih berceceran
uda mamad	5	Tempatnya biasa saja. Tapi pokdarwisnya bagus kok
Retno Arlan	5	Tempat yang tepat untuk santay /ngadem bareng keluarga.
Jheany 123	5	Harusnya bayar sekali nggak setiap spot fhoto bayar
Marta Dinata (Jolor)	4	Salah satu Objek Wisata yang ada di Kota Pagaralam.
suci lestari	5	Bagus... Untuk mengajak anak2 wisata
Muhammad Nurdin	2	Semoga kedepan nya lebih menarik lagi
Ari idqo	5	Bagus, mohon diperluas dan update
Asep Ikhwanul karim	3	"Tempat parkir sempit
Wahana tidak terlalu banyak"
Abdul Muhith	5	"Silahkan di coba
Ada sensasi baru yang mungkin belum dirasakan"
alta Rega	5	Lumayanlah utk santai sm klrga
Chandra Asri	5	Suasana yang nyaman dan sejuk, bisa nginep lagi
Sumeks Palembang	4	Sejuk
Meilyza rima (MeilyzaRima)	4	Tempat rekreasi alam yg bagusğŸ‘ â€¦
Erwan Dwi Setiawan	5	Tempat rekreasi murah dan alami
banghelman sihombing	5	lokasinya asri, sejuk,nuansa alam yg menajubkan
Boy Okkiansyah	5	Udaranya sejuk dan pengelolanya ramah
Ewin Dahlan R	4	Tempat yg indah dan syahdu bak lukisan alam.
adi kusuma	5	Bagus
Dahreno Zaneri	5	Bagus
Arief Fajri	5	tempat yang bagus untuk di kunjungi keluarga tercinta
Andy Avius	4	Tempatnya indah dan terasa nuansa alami nya
Dimas Alfredo	4	Good location,salah satu destinasi wisata wajib
Febri Sucipto	5	Lumayan untuk tempat berleluarga refresing
Aryuda Family	4	Burung hantu ny ga ada pas kesini
Bungsu Petualang	5	Bagus untuk liburan bersama keluarga
Alee Rahman	5	lokasinya mudah ditemukan,  tempatnya cukup bagus
Ayiek ashari	5	Ok lah ya tempatnya
Gerri 1905	5	Wisata edukasi untuk anak,  tempat yg sejuk,
Ian Derantau	5	Beda aja, di banding destinasi lain
Obin Sandra Jaya	4	Tempat yang asikk dan asri
firza amro	5	salah satu pusat wisata alam di pagar alam yang tersembunyi
Ali Zairi	4	Rekomendasi untuk pengenalan alam buat anak2
Jeri Sutresna	4	Bagus yg suka selfi2 barang temen2
02latif	5	Alternatif wisata selain gunung dempo di kota pagaralam
Novarlian	5	Bagusss...
DEKA OTO DIY	5	view buat berphoto banyak dan bagus
Muhammad Deni Anugerah	5	Sangat bagus dan pemandangan yang unik
ari hebert	5	Asri dan nyaman.. vitaminnya otak kanan
jhoni hendri	5	Bagus untuk tempat berlibur dengan keluarga
Endang susanti	5	Keren
Rizki Naufal	5	Tempat yang damai cocok untuk menghilangkan setres
Aldo Kesuma	3	Tempat yang bagus
KREATiF MUdA !!	5	Nuansa Alami...
Eddy syam putra brawijaya	5	Tempat rekreasi bersama keluarga
NOPRI DARMANTO	5	Tempat nginap. Santai dan menghiruf wangi bunga
Nuries angel Angel	1	Indah sekali tempatnya
Yogi Mei Saputra	4	Ga ada bagus2nya kesini di jamin nyesel
ANGGI_MVLOG	5	Skrng view nya kurang bagus
Berky Rian Efanna	5	Bagus bnget pas buat bilangin stres
done sanggara	4	Gurame tauco mantap
Naufal Afaf	5	Indah bagus tapi masih banyak sampah
Lubnah Nya agus	3	Lumayan bagus
rudianto rudi	5	indah kebun seladanya, sejuk tentram.
Lisda Royani	4	Recomended
marlita lita	5	Tempatnya kereeen....
Kayla Najwa	5	Udara yg segar dgn kejernihan airnya
DimasDudun_ Official	3	Good, tempat yang pas buat bersantay.
meizar mijal	3	Ok lah
Yogianto	5	Bagus
erta ratna sari	3	Cocok untuk para wisatawan yang suka selfy
Wisnu Benny	4	Masih kurang tertata dan banyak sampah
Heri Rosadin	5	pemandangannya lumayan indah
Fidrah Setiawan	5	Cocok buat keluarga
Wita Lestari	5	tempatnya bagus sekali
Saqinano Coffee	5	penghasil kopi kualitas dan kuantitas untuk dunia
Firdaus Ogan	5	Mantap ğŸ‘ğŸ» â€¦
yogi doang	4	Suasana alam yang sangat terasa
Taufiqurrahman 750	5	refreshing keluarga
Muhallis Lutfi	4	Tempat wisata yang sejuk dan alami
Ikhsan Kurniawan	4	Sejuk
Radika Trisya	5	Menyenangkan
Rahmad Pga	4	Peet setelah hdheue hal
Ronald Afrizal	5	Alami tapi masih perlu peningkatan fasilitasnya
DEKA IRW	5	Mantap pak bos
Mierwaen 21	4	tempat bagus untuk wisata agrowisata
iwak piluk	5	dingin
Sarinah 22	5	Kamu dapat menjumpai monyet disini
Ade Chandra	5	Keren alami
Ahmad Hafidzin	5	Mayan
M.KELVIN ALISYAHBANA	5	Tempat liburan yang amat menyenangkan
ZND story	1	sejuuk alamnyo
Parulian Panjaitan	5	Tidak terawat dan kurang safety
Arlan Ristian	5	Seger, Sejuk, Santai, Sedap dipandang mata
Aidil KidJoe	1	"Sesuai nama nya
Surga di bumi"
Yif Yif	4	Sejuk,  nyaman indah
Heni Fitriani	5	Karyawan pintu masuk sadis dan kasar
Iloveyou	5	Lumayan bagus
suherli berlian	5	Sejuk dan nyaman
supri yatno	4	Sangat bagus... untuk refreshing
HENDRA HENDRA	5	Bagus banget wisatanya
ardiani wiendya	3	tempatnya mirip surga,tapi didunia,asyik.kan
Dedek Ganteng	1	Mantap....
frans bangun	4	Cukup indah pemandangannya
muhamad aminudin	5	Biasa aja
Bambang Adiwijaya	5	Ok banget
Yona Maria	5	oke la
Emin Sahri Kriswantoyo	4	Objek wisata yang menyenangkan
Novrica Amalia	5	cocok buat family traveling
Hasanbasri Basri	5	Bagus sangat alami...
Juan Arvianto	4	Tempatnya sangat bagus dan asri
Edi Budit	5	tempatnya bagus
Ferry Boy	4	Bagus bagi para pengunjung untuk refreshing
TRI KURNIA	4	Tempat belajarnya nyaman
Mas Awal_Mz	3	Wisata murah meriah & menyenangkan
Kakak elif	5	Masih banyak yang sedang di rehab
Helda Sepriani	2	Instagramable,tpi panas becekğŸ˜¢ â€¦
Like Erlie	5	Indah dan Alami..
AKUUUADHIW	5	Agak kecewa krn hujan
Indra Jaya	5	Sangat sejuk dan indah
husnul huluk	3	Tempat nya asri .sejuk indah
Yenni Manis	5	Bagus utk edukasi ....
Alfath Arsyiatul	5	Kenyataan Gak sesuai gambar
Rut Agustinus	4	Baik
Ricky Rikardo	3	Seru guys
MEYLEE MUCHTAR, SE, MM	5	Jernih
Rafli Parhan akbar	5	Tempat wisata di pagaralam
Koala Diamond	5	Puas bang
nocky bungsu	5	Mantap ngak bakal kecewa
Felicia Dealova	5	Taman yg cantik dan nyaman,,,
Yuliana Syafitri	5	Tempat ini bagus banget,ashiappppppp
Sukma Purnama	5	Tempat Refreshing rekomendasi
Yuni Arti	5	Wow keren
Seri Rahayu	4	Menyenangkan
Dwi Putri	4	ğŸ‘ â€¦
Mawardi Pga	5	Nyaman dan asri
Undang Sumbaga	4	Bagus..
Rizka Tera	4	Memuaskan
hendri smile	5	AlamÃ¬ dan asri
Hellena Fransisca	5	Deket rumah kuu
Qieqie Agrescia	5	Bagus tempatnya
Artha	5	Wajib dicobağŸ‘ â€¦
Anak Ranting	5	Kerennn.. ğŸ‘ â€¦
Cendy	4	Gak tau kalo seasik ini
BaWah AKun	5	Cukup.
Gari Dofson	5	udara asri lingkungan alam
MUSLIYANTO OFFICIAL	5	Mantep
Ade Irma Juwita	5	Sejuk, Keren dan Bagus
Ibrahim Fikri	3	Pesona menawan
Chacha Ramiza	5	Fasilitas belum lengkap
Kevin Del Piero	3	Tempat yg menarik
Yoni Sugito	5	Tempat rekreasi keluarga...
Anto Saputra	5	Bagus dan murah
Mefta Citra Ayu	5	Keren!
Ahmad Putra	5	Sangat keren
ALPIANTO	5	Suasananya Astri dan natural
prayoga wiguna	4	Asik
Maharani S.T	4	Becek
Klaten Ku	3	Nuansa alam Eksotis..
ewienk tawaly	5	Memanjakan mata
Fajar Muhammad Ridho	5	Keren
RIDUAN	5	Tempat nya bagus bngt
Radi El Guitarista	5	Keren
Andika Puri	5	Sejuk nyaman
Usman Yasin	5	Bagus
Ida Ida	5	Asyik banget
amir suyasa	5	Mantap
Fir Wendi (ewen)	5	Cocok untuk keluarga
Sardiono Sardex	4	Asyik dan seger
Pomes_archery1575	5	Mantap
Usman Ahmad	4	Keren
Meilan Intan	5	Sukaa
Fayyadh Anugerah SY	5	Mungkin Bagian dari surga
Zeni Putri	5	Tempat rekreasi yang indah
Nakita Asm	5	Mantull
Muhammad Ramadan	5	Nyaman
sandrina salsabilova	5	BAGUSS
Samsul Mona	5	Luar biasa
Rezi Asusx	5	Mantul
Doriz Sandi	5	Mantul
Giyanto	5	Segar wisata di green paradise
Jia Hertesa	5	Alam yg asri dan indah....
Ahmad Junaidi	5	Lumayan untuk instagramable
Raldes Eka Putra	3	Bagus
muhammad abdul syawal	5	Baguss
tono yunus	4	Bagus
nurpikalia vika	5	Keren
Son's el-Basamah Bagus kali	5	Indah
Sugeharto Boy	5	Woow
Tri Warman	4	alami
janeeta gatcha Pga	5	Sejuk
Mesi Nirmala	3	Bahagiain anak.... Disini...
nadir syah	5	Okeh
Wahyu Prasetyo	4	Keren banget guys
Naga Atom	4	Natural banget
Peni Winarno	4	Tempat wisata konservasi
Yuliansyah Tamara	5	Jadi la...
Shinta Andriani	5	Biasa saja
Yudi Mariandi	1	Suasana asri
Chi Moy	4	Bagus, natural
Teddy Jep	5	wisata alam
dine ke	4	Lumayan laaah
Edy Frans	4	wisata alam ug asri
erol fajri	4	Asri, nyaman
Meta Adi Putra Soemprong	4	Rekomded wisata pagaralam
pratama andika	4	Mantul
Yuli Haryadi	5	Sip
Azam Dwi Putra	5	Mantap jiwa
Adi priawan	5	Ayo mandiiii
miko airlangga	4	inndah sejuk
Mulyadi 940	5	Asri nan indah
hasan ibrahim	5	kurang prasarana
MetroPonsel Kepahiang	5	Mantabbbbb
Arini Safitri	5	Jika anda sedang berlibur ke kota Pagaralam, jangan lupa untuk mengunjungi salah satu destinasi alam favorit yaitu Green Paradise. Tempatnya sangat menenangkan, sangat cocok untuk liburan keluarga. Ingin sesuatu yang lebih istimewa, Anda b â€¦
R. Yuli Kristyanto	5	Sebuah objek wisata alam tidak selalu harus berupa pemandangan alam yang megah, sebuah lahan yang dibangun, ditata, dan dikelola sedemikian rupa sehingga tampil lebih baik dan menarik, juga dapat menarik perhatian pengunjung. Green Paradise â€¦
DokterKrisna	3	Kesederhanaan. Itulah kata yang akan saya katakan tentang tempat ini. Saya suka berada di sini berjam-jam, karena kesederhanaannya. Sebuah kolam besar dengan air tawar yang jernih dan ikan-ikan besar yang cantik berkeliaran, Air T â€¦
Panca Satria	4	Tempat yang bagus untuk perjalanan keluarga, Anda dapat membawa anak-anak Anda ke sini. Itu tempat yang cukup, bagus untuk menyegarkan dan meditasi. Anda juga bisa memb â€¦
Leo Pratama	4	Tidak apa-apa, pemandangannya bagus dan terawat dengan baik. Tetapi atraksinya terbatas dan menurut saya tidak sepadan dengan biaya masuk yang Anda keluarkan. Jika biaya bukan urusan Anda, itu pasti tempat yang bagus untuk d â€¦
eny sulastri	3	tempat yang sejuk dan nyaman untuk mencari ketenangan jiwa dengan melihat bunga-bunga yang indah dan juga memberi makan ikan di dekat mata air dar â€¦
Depit Kurniawan	5	Suasana alamnya dingin dan  â€¦
Husnul Khotimah Ningmas	5	Indah sejuk dan sangat damai..
Daniel Oktavianus Aritonang	5	Tidak banyak yang bisa dilihat, tapi cukup bagus. Biaya masuknya masuk akal dan Anda mendapat  â€¦
Inna Hudaya	3	Taman rahasia Pagar Alam. Kolam ikan, sumber air, flying fox, taman asri. Sempurna untuk yoga dan meditasi.
Arya Aditiya	4	Bagus ! Banyak kegiatan yang bisa kita la â€¦
Linda Septiani Sebianto	4	Seperti namanya, Green Paradise!! Surga!! Polling s â€¦
Diah Mustika Sari	5	Tempat yang bagus untuk seseorang yang  â€¦
Agustin Darmayanti	5	Tempat yang indah untuk di â€¦
penggemar kucing	5	ada penginapan juga.. ğŸ‘
O S	5	Tempat yang indah. Seperti di dalam akuari â€¦
Widi Hidayat	5	Sangat keren dan indah
Resident Budi	5	"Ini Seperti Taman Mini
Tapi Ok, saya T â€¦"
3 Dho	5	Tidak  â€¦
danylee husin	4	Pemandangan yang bagu â€¦
A. SIMON SAPUTRA HUN	4	Suasana yang nyaman untuk rekreasi bersama keluarga
Ahmad Suhail	4	Keren aj si
Ilham Suhendi	5	Kolam ikan
Tri Mulyantono Rusdi	5	Tempat yang sangat indah dan instagrammabl â€¦
Bengbeng	5	Cakeeeppp
Khoirul Santoso	5	
julianto A	3	Tersan â€¦
Supriyanto	5	Pemandang â€¦
SGT 11B	5	Nikmati mata Anda untuk mencari tempat hijau. Namun area parkir perlu perbaikan untuk kondisi lalu lintas.
ridwan raja pane	4	Pemandang â€¦
shinji saiki	5	bukan ma â€¦
beta juliadi	1	
Eday Nap	4	Bagu â€¦
Felix Abrahm Gerardo	5	Benar-benar memiliki pemandangan yang bagus, tetapi kurangnya  â€¦
hendra Suhendra	3	Tempatnya keren
Fey Aazad	5	Tempatnya asri, spotnya instagrammabl â€¦
Vico Harmawan Official (VAH Channel)	5	Jika Anda merasa seperti Anda mencintaiku, obatnya akan rusak.
Dendi Aslam	5	Segar
Sada Arih46	5	
Gustianus Gustianus	5	Siip dan keren
Bendra Wardana	4	
mada pratama	5	bagus untuk perjalanan keluarga. fasilitas memerl â€¦
Puput Destriana Ayu Putri	5	Kebutuhan masak Makmak semua ada
DeDe Ardian	5	Alami
Aidil Gusti	4	Dingin dan tenang â€¦
Mustika Yatno	3	
Benny Andika	1	
Selvi Oktavia	3	
yochie yahya	5	
Dedek Kurnia	1	
Iby Febri	5	
Dinda Dhizzah Ariyanni	4	
Citra Ramadhani	4	
nUZUL rahadian	5	Tempat terbaik untuk ke â€¦
B Nadya AJ	5	
Herman Trisna	4	
Elvi Darmawan	5	
Deki Irawan	2	
Muhammad Raden Kusuma	5	
Engineering Engineer	5	Tempat yan â€¦
Liza Darling	5	Taman kecil, sangat indah
Daryanto Dm	5	Tempat yan â€¦
Hicko Frima Gintara	5	Taman / surga yang sejuk
Ferolika	5	Cantik
amrullah aam	5	keren dan indah
Dhea Al	5	
ahmad jimy prasetyo	5	
Novi Harianto	5	Bagu â€¦
Ryanda Rita ayu	4	
Emayani Sriastuti	5	Bersema â€¦
Jefri AF	5	
Candra Romanda	5	Tempat yang ind â€¦
Pandawa Jr	5	Bagus keren
Wali MR	5	
Ari Sandi Praditya	5	
Marina Zamir	5	
Ko Ray	5	
Yohana Wahab	4	
ida kobri	5	
Chaerul Mazhar (Erul)	5	Begitu Alam dan Indah
Dede Pratama	5	
Agus Suhendra	5	
Smart Official	5	
Lukman Rohimin	3	
Clara Angelina Yonandre	4	
Achmad Reydiansyah	5	
Hefri Zeki	5	
Iq Sasmita Lova Marji	5	
Hastri Liza	5	
Fahmi Zebet	5	
Awe Awee	5	Bagu â€¦
Erwin Bengkel	4	
Peri Widodo	5	Tempat yang bagus untuk menyegar â€¦
Herdi Arief Wibowo	4	
Yuliardista	4	
omar syarif	5	Rubah terbang, taman ya â€¦
RYZKY PRATAMA	5	
Nao Ryu	3	
Srianto Wardoyo	4	
Zahira Rahmaliza	5	
Irawan Zaki	5	Oke Fer baik
Ahmad Supriyadi	3	
Oktaviani Moersalin	5	Tempat yang bagus untuk dihabis â€¦
Dewi Sartieka Putri	5	
Kenshin Himura	5	Tempat yan â€¦
Riza Affandi	5	
Mario putra	5	
KP - Todi Permana	4	Bagus keren
Narwan Ardiyanto	5	
iqbal aminullah	4	
Bernadus Prasetyo (Ndus)	5	
antoni pranoto	5	
castinger rawa palembang	5	
andri muliadi	5	
Mata Alsyaf	4	
Irawan Budi	3	Ok â€¦
Doraemon 21789	5	
shinta chen	5	Kembali ke alam.. â€¦
Dini Khoirunnisak	5	Indah
Abang Simon Saputra Hun	3	Dingi â€¦
Suci Mentari	5	Tempat yan â€¦
taufik fayyaz	5	Bagu â€¦
hasan sadiq syahab	4	Ajiiiiif
bambang irawan	5	Luar bi â€¦
Edi Cahyono	5	Bagu â€¦
Lu Pri	5	Tempat yang bagus u â€¦
SAP Gizi 2017	4	Ok â€¦
adews patih	5	Ata â€¦
Novan Hamid	5	Bagu â€¦
Akira Kitchen Sweet and Savory	5	Pemandangannya menak â€¦
Rahmad Bvr909	4	Bagu â€¦
Palembang Xplore	5	Cantik
OwlGraph Jasa Sewa Drone Palembang (owlgraph)	4	Tempat yan â€¦
ariya permana	5	Segar
su94ndi	5	
SOSIAL WORKING	5	Pohon sejuk e
Boy	5	Surga sejati
Ninda Priyani	5	
Ferdy Abdillah	5	Alami
Buntak Aje	5	Keren nian
Fahrizal Novransyah	5	
Ade Rizky	5	
aprizal rizal	5	
Fitri Fang	5	
Abang_ ij	5	
Doni Marliansyah	5	
Lena Fitriani	3	
Mezi Edys	5	Keren.... shahduuu
Rinair Chanel	5	
satria wijaya	5	Kembali ke ala â€¦
Rachman Novand Ryandika	5	
Astywan Driveri	5	Direkomenda â€¦
Diki Permadi	5	Tempat alami
Denny Andriyanto	5	Tempat yan â€¦
SS Alttax	5	Keceeeee man
WAHYU TRIANDI	5	Okeekekekeke
Bayu Ega Firmansyah	4	Hijau Hijau Hijau
Dedi Januardi	4	
Nandha Sun	3	
Rieke Puspita	5	
Al Hafiiz	4	
Jimmy Andreas	4	
Ani Sumadi	5	
Chika Rahayu	4	
Erpan Zulkarnaen	4	
Harnel Lius	5	
Risdacahyaaini FR	5	
Hera Naviani	5	
Sur Yadi	5	
arysusana hasan	5	
Dela Padilah	5	
silvy rama	5	
Rachmat Hidayat	5	
Yohana Djohan	5	
Andika Pramadita	4	
Arii Prayoga98	4	
NurAini	5	
oby	2	
Yoyok Mulawarman	5	
Yanna yuliana	5	
Eriskard Victories	5	
Adiva Azka	5	
arif maulana	5	
Rika Hardiana	5	
Pradhika Dwi	5	
Hutama Wiranegara	5	
Yudha Gumansea	4	
Abi Nino	3	
Vendra Ardiansyah	4	
Sayuti ari sandi	4	
avatar gondrong	5	
M.iqbal Pahlevi	5	
Astarina Eka Dewi	4	
Tirto Cuy	4	
Moeses Lich Mhien	4	
Edi soen	5	
Purnomo Dinoto	5	
Rizki mardotilo	5	
Kristin Marlina	5	
Sonia Wulandari	5	
Marissa Icha	5	
Handri HandriCell	5	
Muhammad Rafli Valefi	5	
Marroez Channel	1	
kim veerena	4	
Danangs Tri	5	
Teguh Budi Utomo	1	
Syaiful Syaiful	5	
Dina Anggraini	5	
Desy Suci Permatasari	5	
lena frismiati	1	
Dini Yuliana	1	
Bobi Deri	5	
a. ardiansyah	5	
Zamhari Amka	3	
firman Musa	5	
Supardi Anto	5	
Ade Mulyawan	5	
Mahadi Sinambelazld	4	
Duo Jasmeen	5	
Adibyo Widodo	5	
Muhammad ERÃ­é•¿à¿	5	
Pratama aaj	5	
Dones family	5	
Wardanu Husodo	5	
Merya Pebriani	5	
Erin	5	
Atieq Ipank	3	
Siapro Apronika	1	
Kayshan Dhani Pratama	5	
RAZA 1014	5	
Hosea Levano	5	
herik akbar	5	
Afif Royan Nur	5	
Assyfa Aqilah	3	
Nesya Sillya Channel	5	
Wahyu Hidayat	3	
Sabarnauli Saragih	5	
Sri Purnama	2	
Oim Darius	5	
Daffy Toha	5	
Ribowo Agusti Sunoki	5	
Raden Putro	5	
Dedipubiadedi Dedi	5	
Sriardia Ningsih	5	
Indah Permata Sari	5	
Paulus Susilo	5	
Ahmad Riduan	4	
Iqbal bal	4	
ryan molvy	5	
Miftahul Rizqi	4	
Yesya Najwa	5	
Johan Kocik	5	
Kevin Johan	5	
Agus Styawan	5	
jhoni dora	3	
Rossi Suwar	5	
Suhendry Frikson Sitohang	5	
fajar 123	5	
alunalun	5	
Picka Satryanah	5	
Amanda Yuliana Putri	3	
Nur Salam	5	
yudi yansah	5	
Dicky Tiansah	5	
Clara Frisca	4	
Guntur Bayu Jantoro	5	
Cotlan Gunadi	5	
Andre Kurniadi	5	
Andre Wiranata	5	
Rico Covrino	5	
susanti pga	5	
SEPTIAN ADI CAHYO	5	
Muhammad fadlan	5	
Dian Mareta AmKeb	4	
Dwi Brilyani Sandy	5	
Riyantio amanda	4	
Eko Abi Nadhif Abidzar	3	
Akyel Abiyyu	4	
Dodi Oktriansyah	5	
Encep Gustiandi	5	
Mardiyanto Mardiyanto	1	
Hijir Permata Indah	5	
Hepi Julita	4	
Rio Perdana	5	
Es Er	4	
Dwi Tri Ardila	4	
Mirzanul Hakim	5	
Semi Satria	5	
Suci Damayanti	5	
Rifqa Effendi	5	
Dwicitra Merlin	3	
Azkilla Asshayna P.W.	5	
Destri Myrandha	5	
Malin Kundang	5	
Elisabeth Widi Manik	4	
Hadi Budiman	5	
Lukman Nulhakim	5	
Alanza W	5	
Jefri Fadly	5	
Abenk Boyza	4	
adjie kasep	5	
Eva Choirunnisa	5	
Yosi Ari Perdasa	4	
SOFYAN AFRIANTO	5	
tasyah istitika	5	
adeska olindra	5	
Nadin Melati	5	
Dwi Oktavia	4	
kiano frost	4	
Grid Youtube	5	
Dodi Irhandi	5	
Irwansyah Lubis	4	
Filzah TS	2	
Bram Sanjaya	3	
erni yusnita	5	
Dzaky Abiyyu Hanif	5	
Ipan Gani	5	
Andini Sitorus	4	
sakhban affandi	5	
sri lastari	5	
Enny Perdana	4	
Diah Meirina Putri	5	
ryan nyak	3	
Roni Widianto	5	
armira natasya	5	
Mha Riansa	5	
Melati Pratama	5	
Ayu Yolanda	5	
Oven Holver (Ping/ver)	3	
semende id	5	
sontri st msi	4	
Ayu Pasmah wangi	1	
non alya	2	
Essy Aprinika	3	
Alen Febriani	3	
Ali Mudin	5	
risky caniago	4	
Riyo Purwanza	5	
HSS Oleh-oleh	5	
Alviady Herry	1	
Ardie Riny	5	
Tiara 505	5	
Suminik Marto	5	
Anton Sujarwo	5	
andi febriansyah	4	
Romodhon Odon	5	
ayat parsah	4	
muhammad sabar budiman	3	
Ibrahimmuhamad317 Ibrahim	4	
Mengkudu Remuk	5	
Arif Zhenzer	5	
suroto suro	1	
abdillah rudi	5	
kms lrham12	5	
Dodi Fs	1	
Kurnia Wulandari	4	
Heni Lpg	1	
Afif Budiyani	3	
Detha Levi	5	
Agam Bela	3	
Fernando M	5	
MUTIARA AZHAR PSIKOLOGI &PENGACARA	4	
Sasmita BR	4	
Gleen PebriYan	5	
deny nofriyansyah	5	
Pelliyezer Karo Karo	4	
Jimmy Wahyudi	4	
Barry Arief Praba	5	
Sagita yayu zahara	5	
Farhan Aceh	5	
Syawal Rca	4	
dio okta	5	
Cindy Nursasa	4	
Angga Pratama	4	
Dimas Prayoga	3	
Muhammad Sahiri	5	
Muhammad Syarifuddin	4	
Muhammad Taufik Hidayat	4	
Christabel Sabina Warouw	5	
jukri naidy	5	
Zhafiirah Ananda	4	
Emil 18	4	
Rendra Pujianto	5	
epli ekaputra	5	
SIDER	1	
Supri Adi	5	
Hanief Arindra	5	
Muhammad Husni	4	
Afrika Yudiansyah	5	
Afriadi Rahman	4	
fernando alanzio	3	
bob surya	5	
Adri Pelita	5	
Sari Oppo	5	
Nakami Dhabitah	4	
Agusman Jaya	3	
Sari Wulandari	5	
Kharisma Ridho Anugrah	5	
Intan anggraeni	2	
lisy 2211	4	
Dez Vie	5	
Erik Perdana	3	
Cecep Muhammad Ridwan	5	
Annik Mulyadi	5	
Maurine Laura Andani	4	
Just YungMan	5	
Chika Trip Channel	3	
vokbilor ikman	2	
Ibrahim Depati	4	
Putri Aidillia	4	
Syifa dan oriza	5	
Feri Hendriansyah	2	
Sera Siska Dewi	5	
Theresia Hutagalung	4	
ganda dwi	4	
Essy Aprinika	4	
ILHAM CHOLIL	5	
Feli Oktalisa	1	
Tristina Tabi'in	3	
Michael Vahlepi	5	
Yongki Kurnia Pratama	5	
Wh Sazili	5	
Eka Padiyantun	5	
nyimas fadhilah	5	
Ria Triabdullah	4	
Erol Patdellah	5	
Yuhendri Eko	4	
Sandi Ibrahim	5	
Rio Marpen	4	
tessa jusanti	3	
M. Zuber	5	
Herry Sofriyanto	5	
Fajar Okta	5	
Ridwan Plg	5	
Yulia Lusiana	5	
M Yusi	3	
Fuji Eka Lestari	5	
Erros Chandra	5	
Yanche Gustiawan	1	
khÃ¡l	4	
Liza dan Ardi	5	
Edi pujakesuma	5	
Meizarul Andi	5	
diex rd	5	
Muhamad Achairul Akbar_TE_091	5	
Erlian Junaidi	5	
Mahgribi Anjas Ramadhan	4	
Anita Kirana	4	
Riski karuniajaya	5	
Mardian Saputra	5	
Yeli Safirah	4	
Jolki Free Musik	5	
Muhammad Daffa Imam Ghifarri	5	
ulung julian	5	
Alfin Jalil	5	
Ilham Akbar	4	
Neny Alvionita	5	
anes maulana	5	
Tubagus den galuh	5	
maskun sobirin	5	
Ari Fevriandi	5	
N1ER	5	
PEMBURU IKAN SUNGAI	3	
R One	4	
riska resita	5	
Ibnu Arif	5	
Yuni Astika	5	
Didin Rosid	5	
Hendro Lukito	4	
mas parjito	5	
Formysons Hantaran	5	
Denis Alhafiz Denis	4	
HARRY OCTHARYA	4	
Vania Aja	5	
md yani Kasiren	5	
Okta Miranda	5	
YOS MeChan	5	
Lilis Wahyuni	4	
Sandy Muhammad	3	
Olga Yessy	1	
Armala Serotinus	5	
HARFIA RIZKA	5	
Lestarye Care	5	
Dion Ramadanu	5	
Adi Adi	5	
Ajeng Nursanti Trihandini	5	
Epryan saputra	4	
Jenni Hekrianti	3	
Nur Irana Amaliyah	5	
Reza Aldinata	5	
Cahyadi Evercoss	3	
Masagus Syafri	3	
FERRY KUSUMA UTSMANI	2	
Daffa Ferdiansyah	3	
Ilham Lahat	5	
nsr natsir	4	
Medrozi	5	
M Carlos	5	
Muhammad A. Aziz	5	
abi zaky	1	
Aditya audianto	5	
Nyimas Fadhilah	4	
Argianti Wiwik	4	
david juriansyah	3	
Thalita Nasywa aurha	5	
Maulana Tri S. Candra	5	
Uci Rahma Dwita	5	
Erni puji Astuti	5	
siti na'ah	3	
Elvi Darmawan	5	
Devania Annindya	5	
Ririkartikasari Firman	5	
Mariam Jamilah	5	
pras tomi	5	
Deny Julianto	4	
Dwikie Mahendra S.	5	
Tatik Hasriwiana	3	
Crz 13 chanel	4	
Yoga Wisnu	4	
ARAHA	2	
Yudi Zarman	5	
adek Fatimah	2	
Maulydiah Hd. Salma	3	
Arli Aditya illahi	5	
Ojick	5	
Nopran Edwin	5	
Niko erafone	4	
Hengki Aryandi	4	
Reza Pratama	2	
Wahyuni Mentari	5	
rahmat hidayat	5	
Median Efrado	5	
Ima Kalima	5	
Maya Pausia	4	
Anggi Septari	5	
Adityo Pamungkas	5	
Allu Alfaeza	3	
Yushli Hatiyah	5	
Fajar Buntara	5	
Juli Angga Angga	5	
Ujang Doank	5	
Sadda Bakti	4	
Awangga N. Pratikto (Awe)	5	
Adel Pebiansyah	5	
Sunardi SHI MM	2	
Nini Sugarwati	5	
Hendra Thanjoenkz (Hendra)	3	
risqi muhammad	5	
Ns. Indah Purnama Lukitasari	5	
Aang Juliansyah	5	
Yasrianto 01	5	
Dian Lingga Kesuma	5	
Dwi Puspita Sari	5	
JSJ SHINE	5	
nizka channel	3	
indra yudhitya	1	
Muhammad Thamrin	5	
Hairum Pratama Putra	4	
Murtadho	5	
Syinthia dwi Putri	5	
aved kucing	5	
Ahmatfauzan Fauzan	4	
Cewek Cowok	5	
nhasan.d mp	3	
Leonardus Aditya	3	
rizky pradifta jaya tama	4	
Y hy	5	
Sandi_ Aje	5	
Evandri Saputra	5	
Benny Juliansyah	3	
Dedi Susanto	5	
Dwi Ardeli	5	
dedi hendra hendra	5	
Fadhil Abdillah Riyadi	5	
Ageraa 08	5	
Adinda Mayang putri	1	
Yusuf Gloverz	5	
Miko Doank	4	
Ika Fitria	5	
Uji Oktori	5	
Robby Badruddin	5	
Putri Rika	4	
Muhammad Hafidz	5	
Nely Agustini	4	
budy hrt	5	
M.T.H.N CHANNEL	4	
Tebi Apriliansyah	5	
Suryani Evroza	5	
Toni herwanto	5	
muhyiddin syarif (Tsaqib_tsania)	5	
